"Any","Codi_Districte","Nom_Districte","Codi_Barri","Nom_Barri","Seccio_Censal","Import_Renda_Bruta_€                "
2018,1,"Ciutat Vella",1,"el Raval",1,12391
2018,1,"Ciutat Vella",1,"el Raval",2,9577
2018,1,"Ciutat Vella",1,"el Raval",3,9833
2018,1,"Ciutat Vella",1,"el Raval",4,12977
2018,1,"Ciutat Vella",1,"el Raval",5,10142
2018,1,"Ciutat Vella",1,"el Raval",6,12634
2018,1,"Ciutat Vella",1,"el Raval",7,10994
2018,1,"Ciutat Vella",1,"el Raval",8,8288
2018,1,"Ciutat Vella",1,"el Raval",9,10456
2018,1,"Ciutat Vella",1,"el Raval",10,9090
2018,1,"Ciutat Vella",1,"el Raval",11,8841
2018,1,"Ciutat Vella",1,"el Raval",12,11228
2018,1,"Ciutat Vella",1,"el Raval",13,12113
2018,1,"Ciutat Vella",1,"el Raval",14,10737
2018,1,"Ciutat Vella",1,"el Raval",15,10699
2018,1,"Ciutat Vella",1,"el Raval",16,10369
2018,1,"Ciutat Vella",1,"el Raval",17,10120
2018,1,"Ciutat Vella",1,"el Raval",18,10622
2018,1,"Ciutat Vella",1,"el Raval",19,10399
2018,1,"Ciutat Vella",1,"el Raval",20,17330
2018,1,"Ciutat Vella",1,"el Raval",21,17160
2018,1,"Ciutat Vella",2,"el Gòtic",22,21972
2018,1,"Ciutat Vella",2,"el Gòtic",23,17409
2018,1,"Ciutat Vella",2,"el Gòtic",25,16763
2018,1,"Ciutat Vella",2,"el Gòtic",26,16741
2018,1,"Ciutat Vella",2,"el Gòtic",27,14392
2018,1,"Ciutat Vella",2,"el Gòtic",28,14772
2018,1,"Ciutat Vella",2,"el Gòtic",29,13047
2018,1,"Ciutat Vella",2,"el Gòtic",30,12864
2018,1,"Ciutat Vella",2,"el Gòtic",31,14982
2018,1,"Ciutat Vella",3,"la Barceloneta",32,16508
2018,1,"Ciutat Vella",3,"la Barceloneta",33,13191
2018,1,"Ciutat Vella",3,"la Barceloneta",34,13916
2018,1,"Ciutat Vella",3,"la Barceloneta",35,13410
2018,1,"Ciutat Vella",3,"la Barceloneta",36,14453
2018,1,"Ciutat Vella",3,"la Barceloneta",37,14310
2018,1,"Ciutat Vella",3,"la Barceloneta",38,13651
2018,1,"Ciutat Vella",3,"la Barceloneta",39,15114
2018,1,"Ciutat Vella",3,"la Barceloneta",40,16043
2018,1,"Ciutat Vella",3,"la Barceloneta",41,13040
2018,1,"Ciutat Vella",3,"la Barceloneta",42,15106
2018,1,"Ciutat Vella",4,"Sant Pere, Santa Caterina i la Ribera",43,22308
2018,1,"Ciutat Vella",4,"Sant Pere, Santa Caterina i la Ribera",44,20423
2018,1,"Ciutat Vella",4,"Sant Pere, Santa Caterina i la Ribera",45,16166
2018,1,"Ciutat Vella",4,"Sant Pere, Santa Caterina i la Ribera",46,19226
2018,1,"Ciutat Vella",4,"Sant Pere, Santa Caterina i la Ribera",47,14666
2018,1,"Ciutat Vella",4,"Sant Pere, Santa Caterina i la Ribera",48,11719
2018,1,"Ciutat Vella",4,"Sant Pere, Santa Caterina i la Ribera",49,15423
2018,1,"Ciutat Vella",4,"Sant Pere, Santa Caterina i la Ribera",50,15154
2018,1,"Ciutat Vella",4,"Sant Pere, Santa Caterina i la Ribera",51,12190
2018,1,"Ciutat Vella",4,"Sant Pere, Santa Caterina i la Ribera",52,23846
2018,1,"Ciutat Vella",4,"Sant Pere, Santa Caterina i la Ribera",53,14279
2018,1,"Ciutat Vella",4,"Sant Pere, Santa Caterina i la Ribera",54,15199
2018,1,"Ciutat Vella",4,"Sant Pere, Santa Caterina i la Ribera",55,18325
2018,2,"Eixample",5,"el Fort Pienc",1,20606
2018,2,"Eixample",5,"el Fort Pienc",2,20571
2018,2,"Eixample",5,"el Fort Pienc",3,22806
2018,2,"Eixample",5,"el Fort Pienc",4,17064
2018,2,"Eixample",5,"el Fort Pienc",5,23693
2018,2,"Eixample",5,"el Fort Pienc",6,23906
2018,2,"Eixample",5,"el Fort Pienc",7,25966
2018,2,"Eixample",5,"el Fort Pienc",8,22695
2018,2,"Eixample",5,"el Fort Pienc",9,21717
2018,2,"Eixample",5,"el Fort Pienc",10,20561
2018,2,"Eixample",5,"el Fort Pienc",11,23517
2018,2,"Eixample",5,"el Fort Pienc",12,17475
2018,2,"Eixample",5,"el Fort Pienc",13,18393
2018,2,"Eixample",5,"el Fort Pienc",14,17172
2018,2,"Eixample",5,"el Fort Pienc",15,17556
2018,2,"Eixample",5,"el Fort Pienc",16,24523
2018,2,"Eixample",5,"el Fort Pienc",17,23391
2018,2,"Eixample",5,"el Fort Pienc",18,24321
2018,2,"Eixample",5,"el Fort Pienc",19,20907
2018,2,"Eixample",5,"el Fort Pienc",20,18571
2018,2,"Eixample",6,"la Sagrada Família",21,19954
2018,2,"Eixample",6,"la Sagrada Família",22,21135
2018,2,"Eixample",6,"la Sagrada Família",23,21470
2018,2,"Eixample",6,"la Sagrada Família",24,18430
2018,2,"Eixample",6,"la Sagrada Família",25,18275
2018,2,"Eixample",6,"la Sagrada Família",26,20967
2018,2,"Eixample",6,"la Sagrada Família",27,21395
2018,2,"Eixample",6,"la Sagrada Família",28,24235
2018,2,"Eixample",6,"la Sagrada Família",29,20261
2018,2,"Eixample",6,"la Sagrada Família",30,15669
2018,2,"Eixample",6,"la Sagrada Família",31,24248
2018,2,"Eixample",6,"la Sagrada Família",32,21029
2018,2,"Eixample",6,"la Sagrada Família",33,21126
2018,2,"Eixample",6,"la Sagrada Família",34,17613
2018,2,"Eixample",6,"la Sagrada Família",35,21259
2018,2,"Eixample",6,"la Sagrada Família",36,23410
2018,2,"Eixample",6,"la Sagrada Família",37,24239
2018,2,"Eixample",6,"la Sagrada Família",38,23413
2018,2,"Eixample",6,"la Sagrada Família",39,20640
2018,2,"Eixample",6,"la Sagrada Família",40,18510
2018,2,"Eixample",6,"la Sagrada Família",41,20404
2018,2,"Eixample",6,"la Sagrada Família",42,25149
2018,2,"Eixample",6,"la Sagrada Família",43,22545
2018,2,"Eixample",6,"la Sagrada Família",44,18212
2018,2,"Eixample",6,"la Sagrada Família",45,21847
2018,2,"Eixample",6,"la Sagrada Família",46,18861
2018,2,"Eixample",6,"la Sagrada Família",47,20088
2018,2,"Eixample",6,"la Sagrada Família",48,19978
2018,2,"Eixample",6,"la Sagrada Família",49,18712
2018,2,"Eixample",6,"la Sagrada Família",50,20226
2018,2,"Eixample",6,"la Sagrada Família",51,19503
2018,2,"Eixample",6,"la Sagrada Família",52,20943
2018,2,"Eixample",6,"la Sagrada Família",53,22938
2018,2,"Eixample",6,"la Sagrada Família",54,22725
2018,2,"Eixample",7,"la Dreta de l'Eixample",55,22935
2018,2,"Eixample",7,"la Dreta de l'Eixample",56,23334
2018,2,"Eixample",7,"la Dreta de l'Eixample",57,29800
2018,2,"Eixample",7,"la Dreta de l'Eixample",58,26846
2018,2,"Eixample",7,"la Dreta de l'Eixample",59,27975
2018,2,"Eixample",7,"la Dreta de l'Eixample",60,24369
2018,2,"Eixample",7,"la Dreta de l'Eixample",61,22712
2018,2,"Eixample",7,"la Dreta de l'Eixample",62,28355
2018,2,"Eixample",7,"la Dreta de l'Eixample",63,35222
2018,2,"Eixample",7,"la Dreta de l'Eixample",64,30806
2018,2,"Eixample",7,"la Dreta de l'Eixample",65,26572
2018,2,"Eixample",7,"la Dreta de l'Eixample",66,24407
2018,2,"Eixample",7,"la Dreta de l'Eixample",67,21391
2018,2,"Eixample",7,"la Dreta de l'Eixample",68,22803
2018,2,"Eixample",7,"la Dreta de l'Eixample",69,27114
2018,2,"Eixample",7,"la Dreta de l'Eixample",70,26634
2018,2,"Eixample",7,"la Dreta de l'Eixample",71,30313
2018,2,"Eixample",7,"la Dreta de l'Eixample",72,33426
2018,2,"Eixample",7,"la Dreta de l'Eixample",73,29997
2018,2,"Eixample",7,"la Dreta de l'Eixample",74,30407
2018,2,"Eixample",7,"la Dreta de l'Eixample",75,25773
2018,2,"Eixample",7,"la Dreta de l'Eixample",76,33093
2018,2,"Eixample",7,"la Dreta de l'Eixample",77,29921
2018,2,"Eixample",7,"la Dreta de l'Eixample",78,34111
2018,2,"Eixample",7,"la Dreta de l'Eixample",79,36078
2018,2,"Eixample",7,"la Dreta de l'Eixample",80,36806
2018,2,"Eixample",7,"la Dreta de l'Eixample",81,34536
2018,2,"Eixample",7,"la Dreta de l'Eixample",82,30509
2018,2,"Eixample",7,"la Dreta de l'Eixample",83,46171
2018,2,"Eixample",8,"l'Antiga Esquerra de l'Eixample",84,28059
2018,2,"Eixample",8,"l'Antiga Esquerra de l'Eixample",85,27372
2018,2,"Eixample",8,"l'Antiga Esquerra de l'Eixample",86,30110
2018,2,"Eixample",8,"l'Antiga Esquerra de l'Eixample",87,26518
2018,2,"Eixample",8,"l'Antiga Esquerra de l'Eixample",88,29081
2018,2,"Eixample",8,"l'Antiga Esquerra de l'Eixample",89,26812
2018,2,"Eixample",8,"l'Antiga Esquerra de l'Eixample",90,23199
2018,2,"Eixample",8,"l'Antiga Esquerra de l'Eixample",91,26466
2018,2,"Eixample",8,"l'Antiga Esquerra de l'Eixample",92,24203
2018,2,"Eixample",8,"l'Antiga Esquerra de l'Eixample",93,25719
2018,2,"Eixample",8,"l'Antiga Esquerra de l'Eixample",94,25430
2018,2,"Eixample",8,"l'Antiga Esquerra de l'Eixample",95,24900
2018,2,"Eixample",8,"l'Antiga Esquerra de l'Eixample",96,22637
2018,2,"Eixample",8,"l'Antiga Esquerra de l'Eixample",97,21759
2018,2,"Eixample",8,"l'Antiga Esquerra de l'Eixample",98,23459
2018,2,"Eixample",8,"l'Antiga Esquerra de l'Eixample",99,26245
2018,2,"Eixample",8,"l'Antiga Esquerra de l'Eixample",100,25377
2018,2,"Eixample",8,"l'Antiga Esquerra de l'Eixample",101,23735
2018,2,"Eixample",8,"l'Antiga Esquerra de l'Eixample",102,29296
2018,2,"Eixample",8,"l'Antiga Esquerra de l'Eixample",103,21145
2018,2,"Eixample",8,"l'Antiga Esquerra de l'Eixample",104,27297
2018,2,"Eixample",8,"l'Antiga Esquerra de l'Eixample",105,21499
2018,2,"Eixample",8,"l'Antiga Esquerra de l'Eixample",106,28035
2018,2,"Eixample",8,"l'Antiga Esquerra de l'Eixample",107,29548
2018,2,"Eixample",8,"l'Antiga Esquerra de l'Eixample",108,33044
2018,2,"Eixample",8,"l'Antiga Esquerra de l'Eixample",109,33814
2018,2,"Eixample",9,"la Nova Esquerra de l'Eixample",110,23646
2018,2,"Eixample",9,"la Nova Esquerra de l'Eixample",111,24243
2018,2,"Eixample",9,"la Nova Esquerra de l'Eixample",112,29872
2018,2,"Eixample",9,"la Nova Esquerra de l'Eixample",113,29828
2018,2,"Eixample",9,"la Nova Esquerra de l'Eixample",114,23614
2018,2,"Eixample",9,"la Nova Esquerra de l'Eixample",115,21398
2018,2,"Eixample",9,"la Nova Esquerra de l'Eixample",116,29028
2018,2,"Eixample",9,"la Nova Esquerra de l'Eixample",117,25246
2018,2,"Eixample",9,"la Nova Esquerra de l'Eixample",118,27219
2018,2,"Eixample",9,"la Nova Esquerra de l'Eixample",119,25051
2018,2,"Eixample",9,"la Nova Esquerra de l'Eixample",120,23284
2018,2,"Eixample",9,"la Nova Esquerra de l'Eixample",121,25350
2018,2,"Eixample",9,"la Nova Esquerra de l'Eixample",122,28765
2018,2,"Eixample",9,"la Nova Esquerra de l'Eixample",123,26455
2018,2,"Eixample",9,"la Nova Esquerra de l'Eixample",124,25670
2018,2,"Eixample",9,"la Nova Esquerra de l'Eixample",125,23804
2018,2,"Eixample",9,"la Nova Esquerra de l'Eixample",126,26134
2018,2,"Eixample",9,"la Nova Esquerra de l'Eixample",127,22566
2018,2,"Eixample",9,"la Nova Esquerra de l'Eixample",128,21796
2018,2,"Eixample",9,"la Nova Esquerra de l'Eixample",129,23256
2018,2,"Eixample",9,"la Nova Esquerra de l'Eixample",130,36542
2018,2,"Eixample",9,"la Nova Esquerra de l'Eixample",131,22110
2018,2,"Eixample",9,"la Nova Esquerra de l'Eixample",132,21775
2018,2,"Eixample",9,"la Nova Esquerra de l'Eixample",133,23320
2018,2,"Eixample",9,"la Nova Esquerra de l'Eixample",134,21896
2018,2,"Eixample",9,"la Nova Esquerra de l'Eixample",135,19192
2018,2,"Eixample",9,"la Nova Esquerra de l'Eixample",136,23780
2018,2,"Eixample",9,"la Nova Esquerra de l'Eixample",137,19711
2018,2,"Eixample",9,"la Nova Esquerra de l'Eixample",138,23964
2018,2,"Eixample",9,"la Nova Esquerra de l'Eixample",139,20620
2018,2,"Eixample",9,"la Nova Esquerra de l'Eixample",140,22482
2018,2,"Eixample",9,"la Nova Esquerra de l'Eixample",141,20920
2018,2,"Eixample",9,"la Nova Esquerra de l'Eixample",142,19348
2018,2,"Eixample",9,"la Nova Esquerra de l'Eixample",143,24144
2018,2,"Eixample",9,"la Nova Esquerra de l'Eixample",144,23357
2018,2,"Eixample",9,"la Nova Esquerra de l'Eixample",145,22806
2018,2,"Eixample",9,"la Nova Esquerra de l'Eixample",146,22337
2018,2,"Eixample",9,"la Nova Esquerra de l'Eixample",147,20386
2018,2,"Eixample",9,"la Nova Esquerra de l'Eixample",148,23165
2018,2,"Eixample",9,"la Nova Esquerra de l'Eixample",149,22866
2018,2,"Eixample",10,"Sant Antoni",150,19376
2018,2,"Eixample",10,"Sant Antoni",151,20802
2018,2,"Eixample",10,"Sant Antoni",152,23874
2018,2,"Eixample",10,"Sant Antoni",153,22448
2018,2,"Eixample",10,"Sant Antoni",154,17658
2018,2,"Eixample",10,"Sant Antoni",155,19275
2018,2,"Eixample",10,"Sant Antoni",156,20847
2018,2,"Eixample",10,"Sant Antoni",157,18668
2018,2,"Eixample",10,"Sant Antoni",158,21702
2018,2,"Eixample",10,"Sant Antoni",159,21850
2018,2,"Eixample",10,"Sant Antoni",160,23474
2018,2,"Eixample",10,"Sant Antoni",161,20856
2018,2,"Eixample",10,"Sant Antoni",162,18635
2018,2,"Eixample",10,"Sant Antoni",163,22133
2018,2,"Eixample",10,"Sant Antoni",164,22381
2018,2,"Eixample",10,"Sant Antoni",165,21281
2018,2,"Eixample",10,"Sant Antoni",166,19831
2018,2,"Eixample",10,"Sant Antoni",167,21208
2018,2,"Eixample",10,"Sant Antoni",168,20970
2018,2,"Eixample",10,"Sant Antoni",169,19571
2018,2,"Eixample",10,"Sant Antoni",170,19247
2018,2,"Eixample",10,"Sant Antoni",171,17691
2018,2,"Eixample",10,"Sant Antoni",172,18277
2018,2,"Eixample",10,"Sant Antoni",173,19779
2018,3,"Sants-Montjuïc",11,"el Poble Sec",1,16599
2018,3,"Sants-Montjuïc",11,"el Poble Sec",2,14814
2018,3,"Sants-Montjuïc",11,"el Poble Sec",3,13270
2018,3,"Sants-Montjuïc",11,"el Poble Sec",4,16916
2018,3,"Sants-Montjuïc",11,"el Poble Sec",5,14986
2018,3,"Sants-Montjuïc",11,"el Poble Sec",6,14926
2018,3,"Sants-Montjuïc",11,"el Poble Sec",7,14551
2018,3,"Sants-Montjuïc",11,"el Poble Sec",8,15172
2018,3,"Sants-Montjuïc",11,"el Poble Sec",9,15896
2018,3,"Sants-Montjuïc",11,"el Poble Sec",10,14219
2018,3,"Sants-Montjuïc",11,"el Poble Sec",11,11684
2018,3,"Sants-Montjuïc",11,"el Poble Sec",12,13709
2018,3,"Sants-Montjuïc",11,"el Poble Sec",13,13809
2018,3,"Sants-Montjuïc",11,"el Poble Sec",14,12985
2018,3,"Sants-Montjuïc",11,"el Poble Sec",15,13956
2018,3,"Sants-Montjuïc",11,"el Poble Sec",16,12846
2018,3,"Sants-Montjuïc",11,"el Poble Sec",17,12781
2018,3,"Sants-Montjuïc",11,"el Poble Sec",18,13861
2018,3,"Sants-Montjuïc",11,"el Poble Sec",19,13846
2018,3,"Sants-Montjuïc",11,"el Poble Sec",20,17549
2018,3,"Sants-Montjuïc",11,"el Poble Sec",21,17154
2018,3,"Sants-Montjuïc",11,"el Poble Sec",22,16160
2018,3,"Sants-Montjuïc",11,"el Poble Sec",23,13849
2018,3,"Sants-Montjuïc",11,"el Poble Sec",24,14624
2018,3,"Sants-Montjuïc",12,"la Marina del Prat Vermell",25,11622
2018,3,"Sants-Montjuïc",13,"la Marina de Port",26,16192
2018,3,"Sants-Montjuïc",13,"la Marina de Port",27,16431
2018,3,"Sants-Montjuïc",13,"la Marina de Port",28,19117
2018,3,"Sants-Montjuïc",13,"la Marina de Port",29,13969
2018,3,"Sants-Montjuïc",13,"la Marina de Port",30,15657
2018,3,"Sants-Montjuïc",13,"la Marina de Port",31,14371
2018,3,"Sants-Montjuïc",13,"la Marina de Port",32,13304
2018,3,"Sants-Montjuïc",13,"la Marina de Port",33,11108
2018,3,"Sants-Montjuïc",13,"la Marina de Port",34,15052
2018,3,"Sants-Montjuïc",13,"la Marina de Port",35,15781
2018,3,"Sants-Montjuïc",13,"la Marina de Port",36,18359
2018,3,"Sants-Montjuïc",13,"la Marina de Port",37,16286
2018,3,"Sants-Montjuïc",13,"la Marina de Port",38,10988
2018,3,"Sants-Montjuïc",13,"la Marina de Port",39,11123
2018,3,"Sants-Montjuïc",14,"la Font de la Guatlla",40,21022
2018,3,"Sants-Montjuïc",14,"la Font de la Guatlla",41,17060
2018,3,"Sants-Montjuïc",14,"la Font de la Guatlla",42,16779
2018,3,"Sants-Montjuïc",14,"la Font de la Guatlla",43,18330
2018,3,"Sants-Montjuïc",14,"la Font de la Guatlla",44,16165
2018,3,"Sants-Montjuïc",14,"la Font de la Guatlla",45,18143
2018,3,"Sants-Montjuïc",14,"la Font de la Guatlla",46,24043
2018,3,"Sants-Montjuïc",15,"Hostafrancs",47,17030
2018,3,"Sants-Montjuïc",15,"Hostafrancs",48,21293
2018,3,"Sants-Montjuïc",15,"Hostafrancs",49,18595
2018,3,"Sants-Montjuïc",15,"Hostafrancs",50,19064
2018,3,"Sants-Montjuïc",15,"Hostafrancs",51,14995
2018,3,"Sants-Montjuïc",15,"Hostafrancs",52,15868
2018,3,"Sants-Montjuïc",15,"Hostafrancs",53,16064
2018,3,"Sants-Montjuïc",15,"Hostafrancs",54,18577
2018,3,"Sants-Montjuïc",15,"Hostafrancs",55,17704
2018,3,"Sants-Montjuïc",15,"Hostafrancs",56,18369
2018,3,"Sants-Montjuïc",16,"la Bordeta",57,16645
2018,3,"Sants-Montjuïc",16,"la Bordeta",58,22776
2018,3,"Sants-Montjuïc",16,"la Bordeta",59,15770
2018,3,"Sants-Montjuïc",16,"la Bordeta",60,19487
2018,3,"Sants-Montjuïc",16,"la Bordeta",61,15925
2018,3,"Sants-Montjuïc",16,"la Bordeta",62,17654
2018,3,"Sants-Montjuïc",16,"la Bordeta",63,16296
2018,3,"Sants-Montjuïc",16,"la Bordeta",64,18122
2018,3,"Sants-Montjuïc",16,"la Bordeta",65,18746
2018,3,"Sants-Montjuïc",16,"la Bordeta",66,16929
2018,3,"Sants-Montjuïc",16,"la Bordeta",67,17967
2018,3,"Sants-Montjuïc",16,"la Bordeta",68,16140
2018,3,"Sants-Montjuïc",16,"la Bordeta",69,19006
2018,3,"Sants-Montjuïc",17,"Sants - Badal",70,15354
2018,3,"Sants-Montjuïc",17,"Sants - Badal",71,14510
2018,3,"Sants-Montjuïc",17,"Sants - Badal",72,16058
2018,3,"Sants-Montjuïc",17,"Sants - Badal",73,18745
2018,3,"Sants-Montjuïc",17,"Sants - Badal",74,17216
2018,3,"Sants-Montjuïc",17,"Sants - Badal",75,16512
2018,3,"Sants-Montjuïc",17,"Sants - Badal",76,15148
2018,3,"Sants-Montjuïc",17,"Sants - Badal",77,17339
2018,3,"Sants-Montjuïc",17,"Sants - Badal",78,17157
2018,3,"Sants-Montjuïc",17,"Sants - Badal",79,15122
2018,3,"Sants-Montjuïc",17,"Sants - Badal",80,17733
2018,3,"Sants-Montjuïc",17,"Sants - Badal",81,18547
2018,3,"Sants-Montjuïc",17,"Sants - Badal",82,20826
2018,3,"Sants-Montjuïc",17,"Sants - Badal",83,19752
2018,3,"Sants-Montjuïc",17,"Sants - Badal",84,19383
2018,3,"Sants-Montjuïc",17,"Sants - Badal",85,19876
2018,3,"Sants-Montjuïc",18,"Sants",86,25434
2018,3,"Sants-Montjuïc",18,"Sants",87,22839
2018,3,"Sants-Montjuïc",18,"Sants",88,19032
2018,3,"Sants-Montjuïc",18,"Sants",89,21079
2018,3,"Sants-Montjuïc",18,"Sants",90,23252
2018,3,"Sants-Montjuïc",18,"Sants",91,20303
2018,3,"Sants-Montjuïc",18,"Sants",92,20017
2018,3,"Sants-Montjuïc",18,"Sants",93,20450
2018,3,"Sants-Montjuïc",18,"Sants",94,21288
2018,3,"Sants-Montjuïc",18,"Sants",95,18678
2018,3,"Sants-Montjuïc",18,"Sants",96,17259
2018,3,"Sants-Montjuïc",18,"Sants",97,13390
2018,3,"Sants-Montjuïc",18,"Sants",98,16508
2018,3,"Sants-Montjuïc",18,"Sants",99,17981
2018,3,"Sants-Montjuïc",18,"Sants",100,17756
2018,3,"Sants-Montjuïc",18,"Sants",101,18534
2018,3,"Sants-Montjuïc",18,"Sants",102,18521
2018,3,"Sants-Montjuïc",18,"Sants",103,18048
2018,3,"Sants-Montjuïc",18,"Sants",104,17415
2018,3,"Sants-Montjuïc",18,"Sants",105,16918
2018,3,"Sants-Montjuïc",18,"Sants",106,18136
2018,3,"Sants-Montjuïc",18,"Sants",107,20675
2018,3,"Sants-Montjuïc",18,"Sants",108,18553
2018,3,"Sants-Montjuïc",18,"Sants",109,19155
2018,3,"Sants-Montjuïc",18,"Sants",110,19427
2018,3,"Sants-Montjuïc",18,"Sants",111,19655
2018,3,"Sants-Montjuïc",18,"Sants",112,24118
2018,3,"Sants-Montjuïc",18,"Sants",113,27726
2018,3,"Sants-Montjuïc",18,"Sants",114,24960
2018,3,"Sants-Montjuïc",13,"la Marina de Port",211,16385
2018,3,"Sants-Montjuïc",13,"la Marina de Port",212,14568
2018,3,"Sants-Montjuïc",13,"la Marina de Port",213,11793
2018,4,"Les Corts",19,"les Corts",1,22464
2018,4,"Les Corts",19,"les Corts",2,26664
2018,4,"Les Corts",19,"les Corts",3,24601
2018,4,"Les Corts",19,"les Corts",4,24111
2018,4,"Les Corts",19,"les Corts",5,22168
2018,4,"Les Corts",19,"les Corts",6,24013
2018,4,"Les Corts",19,"les Corts",7,19457
2018,4,"Les Corts",19,"les Corts",8,20007
2018,4,"Les Corts",19,"les Corts",9,23864
2018,4,"Les Corts",19,"les Corts",10,27752
2018,4,"Les Corts",19,"les Corts",11,28311
2018,4,"Les Corts",19,"les Corts",12,25592
2018,4,"Les Corts",19,"les Corts",13,29629
2018,4,"Les Corts",19,"les Corts",14,27179
2018,4,"Les Corts",19,"les Corts",15,26833
2018,4,"Les Corts",19,"les Corts",16,26554
2018,4,"Les Corts",19,"les Corts",17,26994
2018,4,"Les Corts",19,"les Corts",18,28398
2018,4,"Les Corts",19,"les Corts",19,36312
2018,4,"Les Corts",19,"les Corts",20,29120
2018,4,"Les Corts",19,"les Corts",21,32989
2018,4,"Les Corts",19,"les Corts",22,28239
2018,4,"Les Corts",19,"les Corts",23,47029
2018,4,"Les Corts",19,"les Corts",24,45851
2018,4,"Les Corts",19,"les Corts",25,26164
2018,4,"Les Corts",19,"les Corts",26,27477
2018,4,"Les Corts",19,"les Corts",27,28303
2018,4,"Les Corts",19,"les Corts",28,24704
2018,4,"Les Corts",19,"les Corts",29,32939
2018,4,"Les Corts",19,"les Corts",30,29120
2018,4,"Les Corts",19,"les Corts",31,24210
2018,4,"Les Corts",19,"les Corts",32,23137
2018,4,"Les Corts",19,"les Corts",33,23096
2018,4,"Les Corts",19,"les Corts",34,30383
2018,4,"Les Corts",19,"les Corts",35,27737
2018,4,"Les Corts",20,"la Maternitat i Sant Ramon",36,20514
2018,4,"Les Corts",20,"la Maternitat i Sant Ramon",37,23896
2018,4,"Les Corts",20,"la Maternitat i Sant Ramon",38,23552
2018,4,"Les Corts",20,"la Maternitat i Sant Ramon",39,22391
2018,4,"Les Corts",20,"la Maternitat i Sant Ramon",40,17312
2018,4,"Les Corts",20,"la Maternitat i Sant Ramon",41,18478
2018,4,"Les Corts",20,"la Maternitat i Sant Ramon",42,18819
2018,4,"Les Corts",20,"la Maternitat i Sant Ramon",43,28197
2018,4,"Les Corts",20,"la Maternitat i Sant Ramon",44,20891
2018,4,"Les Corts",20,"la Maternitat i Sant Ramon",45,20417
2018,4,"Les Corts",20,"la Maternitat i Sant Ramon",46,31951
2018,4,"Les Corts",20,"la Maternitat i Sant Ramon",47,25412
2018,4,"Les Corts",20,"la Maternitat i Sant Ramon",48,28195
2018,4,"Les Corts",20,"la Maternitat i Sant Ramon",49,37338
2018,4,"Les Corts",21,"Pedralbes",50,47029
2018,4,"Les Corts",21,"Pedralbes",51,28837
2018,4,"Les Corts",21,"Pedralbes",52,47029
2018,4,"Les Corts",21,"Pedralbes",53,31554
2018,4,"Les Corts",21,"Pedralbes",54,44183
2018,4,"Les Corts",21,"Pedralbes",55,47029
2018,4,"Les Corts",21,"Pedralbes",56,47029
2018,4,"Les Corts",20,"la Maternitat i Sant Ramon",84,30793
2018,5,"Sarrià-Sant Gervasi",22,"Vallvidrera, el Tibidabo i les Planes",1,17668
2018,5,"Sarrià-Sant Gervasi",22,"Vallvidrera, el Tibidabo i les Planes",2,35117
2018,5,"Sarrià-Sant Gervasi",22,"Vallvidrera, el Tibidabo i les Planes",3,33886
2018,5,"Sarrià-Sant Gervasi",23,"Sarrià",4,47029
2018,5,"Sarrià-Sant Gervasi",23,"Sarrià",5,42509
2018,5,"Sarrià-Sant Gervasi",23,"Sarrià",6,47029
2018,5,"Sarrià-Sant Gervasi",23,"Sarrià",7,42473
2018,5,"Sarrià-Sant Gervasi",23,"Sarrià",8,47029
2018,5,"Sarrià-Sant Gervasi",23,"Sarrià",9,33253
2018,5,"Sarrià-Sant Gervasi",23,"Sarrià",10,29330
2018,5,"Sarrià-Sant Gervasi",23,"Sarrià",11,33084
2018,5,"Sarrià-Sant Gervasi",23,"Sarrià",12,29491
2018,5,"Sarrià-Sant Gervasi",23,"Sarrià",13,31435
2018,5,"Sarrià-Sant Gervasi",23,"Sarrià",14,36413
2018,5,"Sarrià-Sant Gervasi",23,"Sarrià",15,36310
2018,5,"Sarrià-Sant Gervasi",23,"Sarrià",16,27018
2018,5,"Sarrià-Sant Gervasi",23,"Sarrià",17,47029
2018,5,"Sarrià-Sant Gervasi",23,"Sarrià",18,29692
2018,5,"Sarrià-Sant Gervasi",23,"Sarrià",19,42559
2018,5,"Sarrià-Sant Gervasi",24,"les Tres Torres",20,39085
2018,5,"Sarrià-Sant Gervasi",24,"les Tres Torres",21,47029
2018,5,"Sarrià-Sant Gervasi",24,"les Tres Torres",22,47029
2018,5,"Sarrià-Sant Gervasi",24,"les Tres Torres",23,26257
2018,5,"Sarrià-Sant Gervasi",24,"les Tres Torres",24,47029
2018,5,"Sarrià-Sant Gervasi",24,"les Tres Torres",25,47029
2018,5,"Sarrià-Sant Gervasi",24,"les Tres Torres",26,47029
2018,5,"Sarrià-Sant Gervasi",24,"les Tres Torres",27,47029
2018,5,"Sarrià-Sant Gervasi",24,"les Tres Torres",28,45692
2018,5,"Sarrià-Sant Gervasi",24,"les Tres Torres",29,47029
2018,5,"Sarrià-Sant Gervasi",24,"les Tres Torres",30,47029
2018,5,"Sarrià-Sant Gervasi",25,"Sant Gervasi - la Bonanova",31,47029
2018,5,"Sarrià-Sant Gervasi",25,"Sant Gervasi - la Bonanova",32,47029
2018,5,"Sarrià-Sant Gervasi",25,"Sant Gervasi - la Bonanova",33,44494
2018,5,"Sarrià-Sant Gervasi",25,"Sant Gervasi - la Bonanova",34,33550
2018,5,"Sarrià-Sant Gervasi",25,"Sant Gervasi - la Bonanova",35,47029
2018,5,"Sarrià-Sant Gervasi",25,"Sant Gervasi - la Bonanova",36,47029
2018,5,"Sarrià-Sant Gervasi",25,"Sant Gervasi - la Bonanova",37,30453
2018,5,"Sarrià-Sant Gervasi",25,"Sant Gervasi - la Bonanova",38,28694
2018,5,"Sarrià-Sant Gervasi",25,"Sant Gervasi - la Bonanova",39,40294
2018,5,"Sarrià-Sant Gervasi",25,"Sant Gervasi - la Bonanova",40,27767
2018,5,"Sarrià-Sant Gervasi",25,"Sant Gervasi - la Bonanova",41,32591
2018,5,"Sarrià-Sant Gervasi",25,"Sant Gervasi - la Bonanova",42,28338
2018,5,"Sarrià-Sant Gervasi",25,"Sant Gervasi - la Bonanova",43,30217
2018,5,"Sarrià-Sant Gervasi",25,"Sant Gervasi - la Bonanova",44,28060
2018,5,"Sarrià-Sant Gervasi",25,"Sant Gervasi - la Bonanova",45,36098
2018,5,"Sarrià-Sant Gervasi",25,"Sant Gervasi - la Bonanova",46,47029
2018,5,"Sarrià-Sant Gervasi",25,"Sant Gervasi - la Bonanova",47,39620
2018,5,"Sarrià-Sant Gervasi",25,"Sant Gervasi - la Bonanova",48,41242
2018,5,"Sarrià-Sant Gervasi",26,"Sant Gervasi - Galvany",49,47029
2018,5,"Sarrià-Sant Gervasi",26,"Sant Gervasi - Galvany",50,33739
2018,5,"Sarrià-Sant Gervasi",26,"Sant Gervasi - Galvany",51,42499
2018,5,"Sarrià-Sant Gervasi",26,"Sant Gervasi - Galvany",52,47029
2018,5,"Sarrià-Sant Gervasi",26,"Sant Gervasi - Galvany",53,47029
2018,5,"Sarrià-Sant Gervasi",26,"Sant Gervasi - Galvany",54,47029
2018,5,"Sarrià-Sant Gervasi",26,"Sant Gervasi - Galvany",55,47029
2018,5,"Sarrià-Sant Gervasi",26,"Sant Gervasi - Galvany",56,46957
2018,5,"Sarrià-Sant Gervasi",26,"Sant Gervasi - Galvany",57,47029
2018,5,"Sarrià-Sant Gervasi",26,"Sant Gervasi - Galvany",58,47029
2018,5,"Sarrià-Sant Gervasi",26,"Sant Gervasi - Galvany",59,46144
2018,5,"Sarrià-Sant Gervasi",26,"Sant Gervasi - Galvany",60,47029
2018,5,"Sarrià-Sant Gervasi",26,"Sant Gervasi - Galvany",61,32036
2018,5,"Sarrià-Sant Gervasi",26,"Sant Gervasi - Galvany",62,41448
2018,5,"Sarrià-Sant Gervasi",26,"Sant Gervasi - Galvany",63,39852
2018,5,"Sarrià-Sant Gervasi",26,"Sant Gervasi - Galvany",64,33511
2018,5,"Sarrià-Sant Gervasi",26,"Sant Gervasi - Galvany",65,31528
2018,5,"Sarrià-Sant Gervasi",26,"Sant Gervasi - Galvany",66,47029
2018,5,"Sarrià-Sant Gervasi",26,"Sant Gervasi - Galvany",67,38448
2018,5,"Sarrià-Sant Gervasi",26,"Sant Gervasi - Galvany",68,36466
2018,5,"Sarrià-Sant Gervasi",26,"Sant Gervasi - Galvany",69,32582
2018,5,"Sarrià-Sant Gervasi",26,"Sant Gervasi - Galvany",70,31364
2018,5,"Sarrià-Sant Gervasi",26,"Sant Gervasi - Galvany",71,27645
2018,5,"Sarrià-Sant Gervasi",26,"Sant Gervasi - Galvany",72,34431
2018,5,"Sarrià-Sant Gervasi",26,"Sant Gervasi - Galvany",73,30370
2018,5,"Sarrià-Sant Gervasi",26,"Sant Gervasi - Galvany",74,34891
2018,5,"Sarrià-Sant Gervasi",26,"Sant Gervasi - Galvany",75,35281
2018,5,"Sarrià-Sant Gervasi",26,"Sant Gervasi - Galvany",76,33168
2018,5,"Sarrià-Sant Gervasi",26,"Sant Gervasi - Galvany",77,33701
2018,5,"Sarrià-Sant Gervasi",26,"Sant Gervasi - Galvany",78,33139
2018,5,"Sarrià-Sant Gervasi",26,"Sant Gervasi - Galvany",79,29908
2018,5,"Sarrià-Sant Gervasi",27,"el Putget i Farró",80,27387
2018,5,"Sarrià-Sant Gervasi",27,"el Putget i Farró",81,28822
2018,5,"Sarrià-Sant Gervasi",27,"el Putget i Farró",82,25348
2018,5,"Sarrià-Sant Gervasi",27,"el Putget i Farró",83,28809
2018,5,"Sarrià-Sant Gervasi",27,"el Putget i Farró",84,25843
2018,5,"Sarrià-Sant Gervasi",27,"el Putget i Farró",85,23952
2018,5,"Sarrià-Sant Gervasi",27,"el Putget i Farró",86,26116
2018,5,"Sarrià-Sant Gervasi",27,"el Putget i Farró",87,27659
2018,5,"Sarrià-Sant Gervasi",27,"el Putget i Farró",88,27717
2018,5,"Sarrià-Sant Gervasi",27,"el Putget i Farró",89,31018
2018,5,"Sarrià-Sant Gervasi",27,"el Putget i Farró",90,27209
2018,5,"Sarrià-Sant Gervasi",27,"el Putget i Farró",91,26793
2018,5,"Sarrià-Sant Gervasi",27,"el Putget i Farró",92,47029
2018,5,"Sarrià-Sant Gervasi",27,"el Putget i Farró",93,31381
2018,5,"Sarrià-Sant Gervasi",27,"el Putget i Farró",94,36981
2018,5,"Sarrià-Sant Gervasi",27,"el Putget i Farró",95,24740
2018,5,"Sarrià-Sant Gervasi",27,"el Putget i Farró",96,24416
2018,5,"Sarrià-Sant Gervasi",27,"el Putget i Farró",97,30293
2018,5,"Sarrià-Sant Gervasi",27,"el Putget i Farró",98,25024
2018,6,"Gràcia",28,"Vallcarca i els Penitents",1,21325
2018,6,"Gràcia",28,"Vallcarca i els Penitents",2,21436
2018,6,"Gràcia",28,"Vallcarca i els Penitents",3,20481
2018,6,"Gràcia",28,"Vallcarca i els Penitents",4,22638
2018,6,"Gràcia",28,"Vallcarca i els Penitents",6,28303
2018,6,"Gràcia",28,"Vallcarca i els Penitents",7,24522
2018,6,"Gràcia",28,"Vallcarca i els Penitents",8,21954
2018,6,"Gràcia",28,"Vallcarca i els Penitents",9,32043
2018,6,"Gràcia",28,"Vallcarca i els Penitents",10,25157
2018,6,"Gràcia",28,"Vallcarca i els Penitents",11,27211
2018,6,"Gràcia",28,"Vallcarca i els Penitents",12,30509
2018,6,"Gràcia",29,"el Coll",13,20927
2018,6,"Gràcia",29,"el Coll",14,19807
2018,6,"Gràcia",29,"el Coll",15,17590
2018,6,"Gràcia",29,"el Coll",16,16143
2018,6,"Gràcia",29,"el Coll",17,17606
2018,6,"Gràcia",30,"la Salut",18,20576
2018,6,"Gràcia",30,"la Salut",19,20637
2018,6,"Gràcia",30,"la Salut",20,21371
2018,6,"Gràcia",30,"la Salut",21,25520
2018,6,"Gràcia",30,"la Salut",22,22309
2018,6,"Gràcia",30,"la Salut",23,31123
2018,6,"Gràcia",30,"la Salut",24,22499
2018,6,"Gràcia",30,"la Salut",25,23579
2018,6,"Gràcia",30,"la Salut",26,23080
2018,6,"Gràcia",30,"la Salut",27,24989
2018,6,"Gràcia",31,"Vila de Gràcia",28,20568
2018,6,"Gràcia",31,"Vila de Gràcia",29,21635
2018,6,"Gràcia",31,"Vila de Gràcia",30,20507
2018,6,"Gràcia",31,"Vila de Gràcia",31,21957
2018,6,"Gràcia",31,"Vila de Gràcia",32,19994
2018,6,"Gràcia",31,"Vila de Gràcia",33,21742
2018,6,"Gràcia",31,"Vila de Gràcia",34,21395
2018,6,"Gràcia",31,"Vila de Gràcia",35,27891
2018,6,"Gràcia",31,"Vila de Gràcia",36,25582
2018,6,"Gràcia",31,"Vila de Gràcia",37,22009
2018,6,"Gràcia",31,"Vila de Gràcia",38,22589
2018,6,"Gràcia",31,"Vila de Gràcia",39,20189
2018,6,"Gràcia",31,"Vila de Gràcia",40,23810
2018,6,"Gràcia",31,"Vila de Gràcia",41,24621
2018,6,"Gràcia",31,"Vila de Gràcia",42,27167
2018,6,"Gràcia",31,"Vila de Gràcia",43,24348
2018,6,"Gràcia",31,"Vila de Gràcia",44,30042
2018,6,"Gràcia",31,"Vila de Gràcia",45,22631
2018,6,"Gràcia",31,"Vila de Gràcia",46,19843
2018,6,"Gràcia",31,"Vila de Gràcia",47,19590
2018,6,"Gràcia",31,"Vila de Gràcia",48,20029
2018,6,"Gràcia",31,"Vila de Gràcia",49,21481
2018,6,"Gràcia",31,"Vila de Gràcia",50,18278
2018,6,"Gràcia",31,"Vila de Gràcia",51,20963
2018,6,"Gràcia",31,"Vila de Gràcia",52,19710
2018,6,"Gràcia",31,"Vila de Gràcia",53,21889
2018,6,"Gràcia",31,"Vila de Gràcia",54,19316
2018,6,"Gràcia",31,"Vila de Gràcia",55,21056
2018,6,"Gràcia",31,"Vila de Gràcia",56,19235
2018,6,"Gràcia",31,"Vila de Gràcia",57,20432
2018,6,"Gràcia",31,"Vila de Gràcia",58,21603
2018,6,"Gràcia",31,"Vila de Gràcia",59,21550
2018,6,"Gràcia",31,"Vila de Gràcia",60,19331
2018,6,"Gràcia",31,"Vila de Gràcia",61,21481
2018,6,"Gràcia",31,"Vila de Gràcia",62,19919
2018,6,"Gràcia",31,"Vila de Gràcia",63,19655
2018,6,"Gràcia",32,"el Camp d'en Grassot i Gràcia Nova",64,22836
2018,6,"Gràcia",32,"el Camp d'en Grassot i Gràcia Nova",65,24324
2018,6,"Gràcia",32,"el Camp d'en Grassot i Gràcia Nova",66,20618
2018,6,"Gràcia",32,"el Camp d'en Grassot i Gràcia Nova",67,21804
2018,6,"Gràcia",32,"el Camp d'en Grassot i Gràcia Nova",68,24525
2018,6,"Gràcia",32,"el Camp d'en Grassot i Gràcia Nova",69,24152
2018,6,"Gràcia",32,"el Camp d'en Grassot i Gràcia Nova",70,21420
2018,6,"Gràcia",32,"el Camp d'en Grassot i Gràcia Nova",71,21963
2018,6,"Gràcia",32,"el Camp d'en Grassot i Gràcia Nova",72,24643
2018,6,"Gràcia",32,"el Camp d'en Grassot i Gràcia Nova",73,22492
2018,6,"Gràcia",32,"el Camp d'en Grassot i Gràcia Nova",74,20504
2018,6,"Gràcia",32,"el Camp d'en Grassot i Gràcia Nova",75,24366
2018,6,"Gràcia",32,"el Camp d'en Grassot i Gràcia Nova",76,23429
2018,6,"Gràcia",32,"el Camp d'en Grassot i Gràcia Nova",77,21023
2018,6,"Gràcia",32,"el Camp d'en Grassot i Gràcia Nova",78,19669
2018,6,"Gràcia",32,"el Camp d'en Grassot i Gràcia Nova",79,22202
2018,6,"Gràcia",32,"el Camp d'en Grassot i Gràcia Nova",80,21132
2018,6,"Gràcia",32,"el Camp d'en Grassot i Gràcia Nova",81,21822
2018,6,"Gràcia",32,"el Camp d'en Grassot i Gràcia Nova",82,23221
2018,6,"Gràcia",32,"el Camp d'en Grassot i Gràcia Nova",83,24896
2018,6,"Gràcia",32,"el Camp d'en Grassot i Gràcia Nova",84,21677
2018,6,"Gràcia",32,"el Camp d'en Grassot i Gràcia Nova",85,23083
2018,6,"Gràcia",32,"el Camp d'en Grassot i Gràcia Nova",86,28436
2018,6,"Gràcia",32,"el Camp d'en Grassot i Gràcia Nova",87,27238
2018,6,"Gràcia",32,"el Camp d'en Grassot i Gràcia Nova",88,22725
2018,7,"Horta-Guinardó",33,"el Baix Guinardó",1,22470
2018,7,"Horta-Guinardó",33,"el Baix Guinardó",2,18973
2018,7,"Horta-Guinardó",33,"el Baix Guinardó",3,20275
2018,7,"Horta-Guinardó",33,"el Baix Guinardó",4,18757
2018,7,"Horta-Guinardó",33,"el Baix Guinardó",5,18881
2018,7,"Horta-Guinardó",33,"el Baix Guinardó",6,21548
2018,7,"Horta-Guinardó",33,"el Baix Guinardó",7,18150
2018,7,"Horta-Guinardó",33,"el Baix Guinardó",8,20612
2018,7,"Horta-Guinardó",33,"el Baix Guinardó",9,18408
2018,7,"Horta-Guinardó",33,"el Baix Guinardó",10,20371
2018,7,"Horta-Guinardó",33,"el Baix Guinardó",11,19718
2018,7,"Horta-Guinardó",33,"el Baix Guinardó",12,17747
2018,7,"Horta-Guinardó",33,"el Baix Guinardó",13,21024
2018,7,"Horta-Guinardó",33,"el Baix Guinardó",14,16410
2018,7,"Horta-Guinardó",33,"el Baix Guinardó",15,19093
2018,7,"Horta-Guinardó",33,"el Baix Guinardó",16,20981
2018,7,"Horta-Guinardó",33,"el Baix Guinardó",17,19056
2018,7,"Horta-Guinardó",33,"el Baix Guinardó",18,19891
2018,7,"Horta-Guinardó",33,"el Baix Guinardó",19,19968
2018,7,"Horta-Guinardó",34,"Can Baró",20,18808
2018,7,"Horta-Guinardó",34,"Can Baró",21,22855
2018,7,"Horta-Guinardó",34,"Can Baró",22,17231
2018,7,"Horta-Guinardó",34,"Can Baró",23,14430
2018,7,"Horta-Guinardó",34,"Can Baró",24,17618
2018,7,"Horta-Guinardó",34,"Can Baró",25,16578
2018,7,"Horta-Guinardó",34,"Can Baró",26,17272
2018,7,"Horta-Guinardó",35,"el Guinardó",27,16915
2018,7,"Horta-Guinardó",35,"el Guinardó",28,17989
2018,7,"Horta-Guinardó",35,"el Guinardó",29,20212
2018,7,"Horta-Guinardó",35,"el Guinardó",30,16350
2018,7,"Horta-Guinardó",35,"el Guinardó",31,16063
2018,7,"Horta-Guinardó",35,"el Guinardó",32,18741
2018,7,"Horta-Guinardó",35,"el Guinardó",33,19344
2018,7,"Horta-Guinardó",35,"el Guinardó",34,21030
2018,7,"Horta-Guinardó",35,"el Guinardó",35,21587
2018,7,"Horta-Guinardó",35,"el Guinardó",36,22329
2018,7,"Horta-Guinardó",35,"el Guinardó",37,18925
2018,7,"Horta-Guinardó",35,"el Guinardó",38,18369
2018,7,"Horta-Guinardó",35,"el Guinardó",39,19920
2018,7,"Horta-Guinardó",35,"el Guinardó",40,19003
2018,7,"Horta-Guinardó",35,"el Guinardó",41,18362
2018,7,"Horta-Guinardó",35,"el Guinardó",42,18933
2018,7,"Horta-Guinardó",35,"el Guinardó",43,18737
2018,7,"Horta-Guinardó",35,"el Guinardó",44,20096
2018,7,"Horta-Guinardó",35,"el Guinardó",45,18294
2018,7,"Horta-Guinardó",35,"el Guinardó",46,17818
2018,7,"Horta-Guinardó",35,"el Guinardó",47,18194
2018,7,"Horta-Guinardó",35,"el Guinardó",48,18732
2018,7,"Horta-Guinardó",35,"el Guinardó",49,19755
2018,7,"Horta-Guinardó",35,"el Guinardó",50,18631
2018,7,"Horta-Guinardó",35,"el Guinardó",51,18156
2018,7,"Horta-Guinardó",36,"la Font d'en Fargues",52,24049
2018,7,"Horta-Guinardó",36,"la Font d'en Fargues",53,20813
2018,7,"Horta-Guinardó",36,"la Font d'en Fargues",54,25852
2018,7,"Horta-Guinardó",36,"la Font d'en Fargues",55,28774
2018,7,"Horta-Guinardó",36,"la Font d'en Fargues",56,21124
2018,7,"Horta-Guinardó",36,"la Font d'en Fargues",57,21484
2018,7,"Horta-Guinardó",36,"la Font d'en Fargues",58,20289
2018,7,"Horta-Guinardó",37,"el Carmel",59,14202
2018,7,"Horta-Guinardó",37,"el Carmel",60,13189
2018,7,"Horta-Guinardó",37,"el Carmel",61,14292
2018,7,"Horta-Guinardó",37,"el Carmel",62,14655
2018,7,"Horta-Guinardó",37,"el Carmel",63,12535
2018,7,"Horta-Guinardó",37,"el Carmel",64,13723
2018,7,"Horta-Guinardó",37,"el Carmel",65,11993
2018,7,"Horta-Guinardó",37,"el Carmel",66,11977
2018,7,"Horta-Guinardó",37,"el Carmel",67,11955
2018,7,"Horta-Guinardó",37,"el Carmel",68,11631
2018,7,"Horta-Guinardó",37,"el Carmel",69,12591
2018,7,"Horta-Guinardó",37,"el Carmel",70,12618
2018,7,"Horta-Guinardó",37,"el Carmel",71,15018
2018,7,"Horta-Guinardó",37,"el Carmel",72,14272
2018,7,"Horta-Guinardó",37,"el Carmel",73,13205
2018,7,"Horta-Guinardó",37,"el Carmel",74,14837
2018,7,"Horta-Guinardó",37,"el Carmel",75,13465
2018,7,"Horta-Guinardó",37,"el Carmel",76,12985
2018,7,"Horta-Guinardó",37,"el Carmel",77,12616
2018,7,"Horta-Guinardó",37,"el Carmel",78,13405
2018,7,"Horta-Guinardó",37,"el Carmel",79,13704
2018,7,"Horta-Guinardó",37,"el Carmel",80,14056
2018,7,"Horta-Guinardó",38,"la Teixonera",81,15374
2018,7,"Horta-Guinardó",38,"la Teixonera",82,14472
2018,7,"Horta-Guinardó",38,"la Teixonera",83,14511
2018,7,"Horta-Guinardó",38,"la Teixonera",84,14614
2018,7,"Horta-Guinardó",38,"la Teixonera",85,15276
2018,7,"Horta-Guinardó",38,"la Teixonera",86,14615
2018,7,"Horta-Guinardó",38,"la Teixonera",87,14914
2018,7,"Horta-Guinardó",38,"la Teixonera",88,15025
2018,7,"Horta-Guinardó",39,"Sant Genís dels Agudells",89,20863
2018,7,"Horta-Guinardó",39,"Sant Genís dels Agudells",90,15616
2018,7,"Horta-Guinardó",39,"Sant Genís dels Agudells",91,15804
2018,7,"Horta-Guinardó",39,"Sant Genís dels Agudells",92,12285
2018,7,"Horta-Guinardó",39,"Sant Genís dels Agudells",93,16390
2018,7,"Horta-Guinardó",40,"Montbau",94,17194
2018,7,"Horta-Guinardó",40,"Montbau",95,18027
2018,7,"Horta-Guinardó",40,"Montbau",96,16105
2018,7,"Horta-Guinardó",40,"Montbau",97,18928
2018,7,"Horta-Guinardó",41,"la Vall d'Hebron",98,24726
2018,7,"Horta-Guinardó",41,"la Vall d'Hebron",99,21023
2018,7,"Horta-Guinardó",41,"la Vall d'Hebron",100,18386
2018,7,"Horta-Guinardó",41,"la Vall d'Hebron",101,18321
2018,7,"Horta-Guinardó",42,"la Clota",102,17505
2018,7,"Horta-Guinardó",43,"Horta",103,16951
2018,7,"Horta-Guinardó",43,"Horta",104,14775
2018,7,"Horta-Guinardó",43,"Horta",105,19581
2018,7,"Horta-Guinardó",43,"Horta",106,18831
2018,7,"Horta-Guinardó",43,"Horta",107,21745
2018,7,"Horta-Guinardó",43,"Horta",108,19466
2018,7,"Horta-Guinardó",43,"Horta",109,15732
2018,7,"Horta-Guinardó",43,"Horta",110,20040
2018,7,"Horta-Guinardó",43,"Horta",111,23335
2018,7,"Horta-Guinardó",43,"Horta",112,19232
2018,7,"Horta-Guinardó",43,"Horta",113,16757
2018,7,"Horta-Guinardó",43,"Horta",114,19680
2018,7,"Horta-Guinardó",43,"Horta",115,23031
2018,7,"Horta-Guinardó",43,"Horta",116,17272
2018,7,"Horta-Guinardó",43,"Horta",117,19939
2018,7,"Horta-Guinardó",43,"Horta",118,18476
2018,7,"Horta-Guinardó",43,"Horta",119,15931
2018,7,"Horta-Guinardó",43,"Horta",120,16763
2018,7,"Horta-Guinardó",43,"Horta",121,15309
2018,7,"Horta-Guinardó",43,"Horta",122,17807
2018,7,"Horta-Guinardó",43,"Horta",123,18033
2018,8,"Nou Barris",44,"Vilapicina i la Torre Llobeta",1,17106
2018,8,"Nou Barris",44,"Vilapicina i la Torre Llobeta",2,18735
2018,8,"Nou Barris",44,"Vilapicina i la Torre Llobeta",3,16636
2018,8,"Nou Barris",44,"Vilapicina i la Torre Llobeta",4,15573
2018,8,"Nou Barris",44,"Vilapicina i la Torre Llobeta",5,17168
2018,8,"Nou Barris",44,"Vilapicina i la Torre Llobeta",6,18147
2018,8,"Nou Barris",44,"Vilapicina i la Torre Llobeta",7,18081
2018,8,"Nou Barris",44,"Vilapicina i la Torre Llobeta",8,18558
2018,8,"Nou Barris",44,"Vilapicina i la Torre Llobeta",9,15627
2018,8,"Nou Barris",44,"Vilapicina i la Torre Llobeta",10,18613
2018,8,"Nou Barris",44,"Vilapicina i la Torre Llobeta",11,20127
2018,8,"Nou Barris",44,"Vilapicina i la Torre Llobeta",12,17432
2018,8,"Nou Barris",44,"Vilapicina i la Torre Llobeta",13,17715
2018,8,"Nou Barris",44,"Vilapicina i la Torre Llobeta",14,15475
2018,8,"Nou Barris",44,"Vilapicina i la Torre Llobeta",15,15218
2018,8,"Nou Barris",44,"Vilapicina i la Torre Llobeta",16,16369
2018,8,"Nou Barris",44,"Vilapicina i la Torre Llobeta",17,18927
2018,8,"Nou Barris",44,"Vilapicina i la Torre Llobeta",18,16738
2018,8,"Nou Barris",44,"Vilapicina i la Torre Llobeta",19,15585
2018,8,"Nou Barris",45,"Porta",20,16743
2018,8,"Nou Barris",45,"Porta",21,16444
2018,8,"Nou Barris",45,"Porta",22,17799
2018,8,"Nou Barris",45,"Porta",23,14542
2018,8,"Nou Barris",45,"Porta",24,16594
2018,8,"Nou Barris",45,"Porta",25,14156
2018,8,"Nou Barris",45,"Porta",26,16487
2018,8,"Nou Barris",45,"Porta",27,18009
2018,8,"Nou Barris",45,"Porta",28,14856
2018,8,"Nou Barris",45,"Porta",29,13654
2018,8,"Nou Barris",45,"Porta",30,13766
2018,8,"Nou Barris",45,"Porta",31,15567
2018,8,"Nou Barris",45,"Porta",32,15879
2018,8,"Nou Barris",45,"Porta",33,14281
2018,8,"Nou Barris",45,"Porta",34,12609
2018,8,"Nou Barris",45,"Porta",35,15134
2018,8,"Nou Barris",45,"Porta",36,12340
2018,8,"Nou Barris",45,"Porta",37,14634
2018,8,"Nou Barris",46,"el Turó de la Peira",38,13551
2018,8,"Nou Barris",46,"el Turó de la Peira",39,14284
2018,8,"Nou Barris",46,"el Turó de la Peira",40,10694
2018,8,"Nou Barris",46,"el Turó de la Peira",41,9744
2018,8,"Nou Barris",46,"el Turó de la Peira",42,16471
2018,8,"Nou Barris",46,"el Turó de la Peira",43,14326
2018,8,"Nou Barris",46,"el Turó de la Peira",44,12195
2018,8,"Nou Barris",46,"el Turó de la Peira",45,11678
2018,8,"Nou Barris",46,"el Turó de la Peira",46,13380
2018,8,"Nou Barris",46,"el Turó de la Peira",47,10604
2018,8,"Nou Barris",47,"Can Peguera",48,9856
2018,8,"Nou Barris",47,"Can Peguera",49,12586
2018,8,"Nou Barris",48,"la Guineueta",50,18931
2018,8,"Nou Barris",48,"la Guineueta",51,17764
2018,8,"Nou Barris",48,"la Guineueta",52,16377
2018,8,"Nou Barris",48,"la Guineueta",53,19139
2018,8,"Nou Barris",48,"la Guineueta",54,16448
2018,8,"Nou Barris",48,"la Guineueta",55,22414
2018,8,"Nou Barris",48,"la Guineueta",56,15306
2018,8,"Nou Barris",48,"la Guineueta",57,15329
2018,8,"Nou Barris",48,"la Guineueta",58,13443
2018,8,"Nou Barris",48,"la Guineueta",59,15197
2018,8,"Nou Barris",49,"Canyelles",60,16982
2018,8,"Nou Barris",49,"Canyelles",61,14597
2018,8,"Nou Barris",49,"Canyelles",62,16037
2018,8,"Nou Barris",49,"Canyelles",63,19133
2018,8,"Nou Barris",49,"Canyelles",64,13588
2018,8,"Nou Barris",50,"les Roquetes",65,10563
2018,8,"Nou Barris",50,"les Roquetes",66,9985
2018,8,"Nou Barris",50,"les Roquetes",67,12392
2018,8,"Nou Barris",50,"les Roquetes",68,10789
2018,8,"Nou Barris",50,"les Roquetes",69,11304
2018,8,"Nou Barris",50,"les Roquetes",70,10472
2018,8,"Nou Barris",50,"les Roquetes",71,11807
2018,8,"Nou Barris",50,"les Roquetes",72,13447
2018,8,"Nou Barris",50,"les Roquetes",73,10406
2018,8,"Nou Barris",50,"les Roquetes",74,10694
2018,8,"Nou Barris",51,"Verdun",75,13848
2018,8,"Nou Barris",51,"Verdun",76,13791
2018,8,"Nou Barris",51,"Verdun",77,10493
2018,8,"Nou Barris",51,"Verdun",78,11690
2018,8,"Nou Barris",51,"Verdun",79,11660
2018,8,"Nou Barris",51,"Verdun",80,12781
2018,8,"Nou Barris",51,"Verdun",81,10801
2018,8,"Nou Barris",51,"Verdun",82,12807
2018,8,"Nou Barris",52,"la Prosperitat",83,13415
2018,8,"Nou Barris",52,"la Prosperitat",84,13746
2018,8,"Nou Barris",52,"la Prosperitat",85,12798
2018,8,"Nou Barris",52,"la Prosperitat",86,13706
2018,8,"Nou Barris",52,"la Prosperitat",87,13694
2018,8,"Nou Barris",52,"la Prosperitat",88,12445
2018,8,"Nou Barris",52,"la Prosperitat",89,13177
2018,8,"Nou Barris",52,"la Prosperitat",90,14545
2018,8,"Nou Barris",52,"la Prosperitat",91,13849
2018,8,"Nou Barris",52,"la Prosperitat",92,15101
2018,8,"Nou Barris",52,"la Prosperitat",93,13088
2018,8,"Nou Barris",52,"la Prosperitat",94,14155
2018,8,"Nou Barris",52,"la Prosperitat",95,17842
2018,8,"Nou Barris",52,"la Prosperitat",96,13911
2018,8,"Nou Barris",52,"la Prosperitat",97,13553
2018,8,"Nou Barris",52,"la Prosperitat",98,12382
2018,8,"Nou Barris",52,"la Prosperitat",99,13742
2018,8,"Nou Barris",52,"la Prosperitat",100,13455
2018,8,"Nou Barris",52,"la Prosperitat",101,14050
2018,8,"Nou Barris",52,"la Prosperitat",102,11873
2018,8,"Nou Barris",53,"la Trinitat Nova",103,9449
2018,8,"Nou Barris",53,"la Trinitat Nova",104,10708
2018,8,"Nou Barris",53,"la Trinitat Nova",105,10437
2018,8,"Nou Barris",53,"la Trinitat Nova",106,10117
2018,8,"Nou Barris",53,"la Trinitat Nova",107,10861
2018,8,"Nou Barris",54,"Torre Baró",108,9785
2018,8,"Nou Barris",54,"Torre Baró",109,9567
2018,8,"Nou Barris",55,"Ciutat Meridiana",110,8049
2018,8,"Nou Barris",55,"Ciutat Meridiana",111,9046
2018,8,"Nou Barris",55,"Ciutat Meridiana",112,9152
2018,8,"Nou Barris",55,"Ciutat Meridiana",113,9077
2018,8,"Nou Barris",55,"Ciutat Meridiana",114,9924
2018,8,"Nou Barris",55,"Ciutat Meridiana",115,9614
2018,8,"Nou Barris",56,"Vallbona",116,10553
2018,8,"Nou Barris",48,"la Guineueta",215,17805
2018,9,"Sant Andreu",57,"la Trinitat Vella",1,8420
2018,9,"Sant Andreu",57,"la Trinitat Vella",2,9609
2018,9,"Sant Andreu",57,"la Trinitat Vella",3,10142
2018,9,"Sant Andreu",57,"la Trinitat Vella",4,10956
2018,9,"Sant Andreu",57,"la Trinitat Vella",5,14618
2018,9,"Sant Andreu",58,"Baró de Viver",6,10390
2018,9,"Sant Andreu",58,"Baró de Viver",7,10107
2018,9,"Sant Andreu",59,"el Bon Pastor",8,21803
2018,9,"Sant Andreu",59,"el Bon Pastor",9,15678
2018,9,"Sant Andreu",59,"el Bon Pastor",10,13447
2018,9,"Sant Andreu",59,"el Bon Pastor",11,11854
2018,9,"Sant Andreu",59,"el Bon Pastor",13,10096
2018,9,"Sant Andreu",59,"el Bon Pastor",14,11613
2018,9,"Sant Andreu",59,"el Bon Pastor",15,11857
2018,9,"Sant Andreu",60,"Sant Andreu",16,18475
2018,9,"Sant Andreu",60,"Sant Andreu",17,18612
2018,9,"Sant Andreu",60,"Sant Andreu",18,17487
2018,9,"Sant Andreu",60,"Sant Andreu",19,20716
2018,9,"Sant Andreu",60,"Sant Andreu",20,19304
2018,9,"Sant Andreu",60,"Sant Andreu",21,22211
2018,9,"Sant Andreu",60,"Sant Andreu",22,20797
2018,9,"Sant Andreu",60,"Sant Andreu",23,20181
2018,9,"Sant Andreu",60,"Sant Andreu",24,19212
2018,9,"Sant Andreu",60,"Sant Andreu",25,20042
2018,9,"Sant Andreu",60,"Sant Andreu",26,20135
2018,9,"Sant Andreu",60,"Sant Andreu",27,20662
2018,9,"Sant Andreu",60,"Sant Andreu",28,22921
2018,9,"Sant Andreu",60,"Sant Andreu",29,18487
2018,9,"Sant Andreu",60,"Sant Andreu",30,19830
2018,9,"Sant Andreu",60,"Sant Andreu",31,21052
2018,9,"Sant Andreu",60,"Sant Andreu",32,14820
2018,9,"Sant Andreu",60,"Sant Andreu",33,17210
2018,9,"Sant Andreu",60,"Sant Andreu",34,15777
2018,9,"Sant Andreu",60,"Sant Andreu",35,17602
2018,9,"Sant Andreu",60,"Sant Andreu",36,19076
2018,9,"Sant Andreu",60,"Sant Andreu",37,14799
2018,9,"Sant Andreu",60,"Sant Andreu",38,19839
2018,9,"Sant Andreu",60,"Sant Andreu",39,18918
2018,9,"Sant Andreu",60,"Sant Andreu",40,19603
2018,9,"Sant Andreu",60,"Sant Andreu",41,18633
2018,9,"Sant Andreu",60,"Sant Andreu",42,20641
2018,9,"Sant Andreu",60,"Sant Andreu",43,17345
2018,9,"Sant Andreu",60,"Sant Andreu",44,18937
2018,9,"Sant Andreu",60,"Sant Andreu",45,18952
2018,9,"Sant Andreu",60,"Sant Andreu",46,20053
2018,9,"Sant Andreu",60,"Sant Andreu",47,21298
2018,9,"Sant Andreu",60,"Sant Andreu",48,18290
2018,9,"Sant Andreu",60,"Sant Andreu",49,17655
2018,9,"Sant Andreu",60,"Sant Andreu",50,20682
2018,9,"Sant Andreu",60,"Sant Andreu",51,20088
2018,9,"Sant Andreu",60,"Sant Andreu",52,18773
2018,9,"Sant Andreu",60,"Sant Andreu",53,21838
2018,9,"Sant Andreu",60,"Sant Andreu",54,20323
2018,9,"Sant Andreu",61,"la Sagrera",55,15724
2018,9,"Sant Andreu",61,"la Sagrera",56,18982
2018,9,"Sant Andreu",61,"la Sagrera",57,16207
2018,9,"Sant Andreu",61,"la Sagrera",58,19878
2018,9,"Sant Andreu",61,"la Sagrera",59,17184
2018,9,"Sant Andreu",61,"la Sagrera",60,18405
2018,9,"Sant Andreu",61,"la Sagrera",61,20289
2018,9,"Sant Andreu",61,"la Sagrera",62,16979
2018,9,"Sant Andreu",61,"la Sagrera",63,20572
2018,9,"Sant Andreu",61,"la Sagrera",64,19570
2018,9,"Sant Andreu",61,"la Sagrera",65,17400
2018,9,"Sant Andreu",61,"la Sagrera",66,20018
2018,9,"Sant Andreu",61,"la Sagrera",67,16610
2018,9,"Sant Andreu",61,"la Sagrera",68,19415
2018,9,"Sant Andreu",61,"la Sagrera",69,18278
2018,9,"Sant Andreu",61,"la Sagrera",70,13614
2018,9,"Sant Andreu",61,"la Sagrera",71,16747
2018,9,"Sant Andreu",61,"la Sagrera",72,14009
2018,9,"Sant Andreu",61,"la Sagrera",73,17935
2018,9,"Sant Andreu",62,"el Congrés i els Indians",74,17248
2018,9,"Sant Andreu",62,"el Congrés i els Indians",75,16598
2018,9,"Sant Andreu",62,"el Congrés i els Indians",76,16897
2018,9,"Sant Andreu",62,"el Congrés i els Indians",77,17685
2018,9,"Sant Andreu",62,"el Congrés i els Indians",78,17347
2018,9,"Sant Andreu",62,"el Congrés i els Indians",79,18934
2018,9,"Sant Andreu",62,"el Congrés i els Indians",80,17986
2018,9,"Sant Andreu",62,"el Congrés i els Indians",81,18246
2018,9,"Sant Andreu",62,"el Congrés i els Indians",82,17706
2018,9,"Sant Andreu",63,"Navas",83,18133
2018,9,"Sant Andreu",63,"Navas",84,20712
2018,9,"Sant Andreu",63,"Navas",85,18197
2018,9,"Sant Andreu",63,"Navas",86,18256
2018,9,"Sant Andreu",63,"Navas",87,19535
2018,9,"Sant Andreu",63,"Navas",88,17443
2018,9,"Sant Andreu",63,"Navas",89,17330
2018,9,"Sant Andreu",63,"Navas",90,17616
2018,9,"Sant Andreu",63,"Navas",91,17724
2018,9,"Sant Andreu",63,"Navas",92,18116
2018,9,"Sant Andreu",63,"Navas",93,18422
2018,9,"Sant Andreu",63,"Navas",94,18471
2018,9,"Sant Andreu",63,"Navas",95,17735
2018,9,"Sant Andreu",61,"la Sagrera",156,17359
2018,10,"Sant Martí",64,"Camp de l'Arpa del Clot",1,16518
2018,10,"Sant Martí",64,"Camp de l'Arpa del Clot",2,17502
2018,10,"Sant Martí",64,"Camp de l'Arpa del Clot",3,18367
2018,10,"Sant Martí",64,"Camp de l'Arpa del Clot",4,17905
2018,10,"Sant Martí",64,"Camp de l'Arpa del Clot",5,19256
2018,10,"Sant Martí",64,"Camp de l'Arpa del Clot",6,20372
2018,10,"Sant Martí",64,"Camp de l'Arpa del Clot",7,25193
2018,10,"Sant Martí",64,"Camp de l'Arpa del Clot",8,20655
2018,10,"Sant Martí",64,"Camp de l'Arpa del Clot",9,19725
2018,10,"Sant Martí",64,"Camp de l'Arpa del Clot",10,18294
2018,10,"Sant Martí",64,"Camp de l'Arpa del Clot",11,20896
2018,10,"Sant Martí",64,"Camp de l'Arpa del Clot",12,20292
2018,10,"Sant Martí",64,"Camp de l'Arpa del Clot",13,17935
2018,10,"Sant Martí",64,"Camp de l'Arpa del Clot",14,18823
2018,10,"Sant Martí",64,"Camp de l'Arpa del Clot",15,20148
2018,10,"Sant Martí",64,"Camp de l'Arpa del Clot",16,20846
2018,10,"Sant Martí",64,"Camp de l'Arpa del Clot",17,18806
2018,10,"Sant Martí",64,"Camp de l'Arpa del Clot",18,17176
2018,10,"Sant Martí",64,"Camp de l'Arpa del Clot",19,18579
2018,10,"Sant Martí",64,"Camp de l'Arpa del Clot",20,16460
2018,10,"Sant Martí",64,"Camp de l'Arpa del Clot",21,16823
2018,10,"Sant Martí",64,"Camp de l'Arpa del Clot",22,18353
2018,10,"Sant Martí",64,"Camp de l'Arpa del Clot",23,17497
2018,10,"Sant Martí",64,"Camp de l'Arpa del Clot",24,19378
2018,10,"Sant Martí",64,"Camp de l'Arpa del Clot",25,19143
2018,10,"Sant Martí",65,"el Clot",26,19851
2018,10,"Sant Martí",65,"el Clot",27,19514
2018,10,"Sant Martí",65,"el Clot",28,18233
2018,10,"Sant Martí",65,"el Clot",29,16721
2018,10,"Sant Martí",65,"el Clot",30,18347
2018,10,"Sant Martí",65,"el Clot",31,18290
2018,10,"Sant Martí",65,"el Clot",32,19449
2018,10,"Sant Martí",65,"el Clot",33,21720
2018,10,"Sant Martí",65,"el Clot",34,18289
2018,10,"Sant Martí",65,"el Clot",35,20590
2018,10,"Sant Martí",65,"el Clot",36,21131
2018,10,"Sant Martí",65,"el Clot",37,14629
2018,10,"Sant Martí",65,"el Clot",38,18489
2018,10,"Sant Martí",65,"el Clot",39,16435
2018,10,"Sant Martí",65,"el Clot",40,18455
2018,10,"Sant Martí",65,"el Clot",41,19083
2018,10,"Sant Martí",66,"el Parc i la Llacuna del Poblenou",42,15637
2018,10,"Sant Martí",66,"el Parc i la Llacuna del Poblenou",43,16974
2018,10,"Sant Martí",66,"el Parc i la Llacuna del Poblenou",44,18653
2018,10,"Sant Martí",66,"el Parc i la Llacuna del Poblenou",45,22121
2018,10,"Sant Martí",66,"el Parc i la Llacuna del Poblenou",46,22464
2018,10,"Sant Martí",66,"el Parc i la Llacuna del Poblenou",47,22247
2018,10,"Sant Martí",66,"el Parc i la Llacuna del Poblenou",48,21472
2018,10,"Sant Martí",66,"el Parc i la Llacuna del Poblenou",49,20450
2018,10,"Sant Martí",66,"el Parc i la Llacuna del Poblenou",50,21218
2018,10,"Sant Martí",67,"la Vila Olímpica del Poblenou",51,23095
2018,10,"Sant Martí",67,"la Vila Olímpica del Poblenou",52,30354
2018,10,"Sant Martí",67,"la Vila Olímpica del Poblenou",53,34985
2018,10,"Sant Martí",67,"la Vila Olímpica del Poblenou",54,29613
2018,10,"Sant Martí",67,"la Vila Olímpica del Poblenou",55,34525
2018,10,"Sant Martí",68,"el Poblenou",56,16020
2018,10,"Sant Martí",68,"el Poblenou",57,17293
2018,10,"Sant Martí",68,"el Poblenou",58,17172
2018,10,"Sant Martí",68,"el Poblenou",59,21538
2018,10,"Sant Martí",68,"el Poblenou",60,17309
2018,10,"Sant Martí",68,"el Poblenou",61,22103
2018,10,"Sant Martí",68,"el Poblenou",62,21254
2018,10,"Sant Martí",68,"el Poblenou",63,20320
2018,10,"Sant Martí",68,"el Poblenou",64,20585
2018,10,"Sant Martí",68,"el Poblenou",65,21826
2018,10,"Sant Martí",68,"el Poblenou",66,20649
2018,10,"Sant Martí",68,"el Poblenou",67,27477
2018,10,"Sant Martí",68,"el Poblenou",68,22691
2018,10,"Sant Martí",68,"el Poblenou",69,22918
2018,10,"Sant Martí",68,"el Poblenou",70,17876
2018,10,"Sant Martí",68,"el Poblenou",71,22254
2018,10,"Sant Martí",68,"el Poblenou",72,18742
2018,10,"Sant Martí",68,"el Poblenou",73,16745
2018,10,"Sant Martí",68,"el Poblenou",74,17774
2018,10,"Sant Martí",68,"el Poblenou",75,16982
2018,10,"Sant Martí",69,"Diagonal Mar i el Front Marítim del Poblenou",76,21982
2018,10,"Sant Martí",69,"Diagonal Mar i el Front Marítim del Poblenou",77,25558
2018,10,"Sant Martí",69,"Diagonal Mar i el Front Marítim del Poblenou",78,26039
2018,10,"Sant Martí",69,"Diagonal Mar i el Front Marítim del Poblenou",79,22037
2018,10,"Sant Martí",69,"Diagonal Mar i el Front Marítim del Poblenou",80,36364
2018,10,"Sant Martí",70,"el Besòs i el Maresme",81,12560
2018,10,"Sant Martí",70,"el Besòs i el Maresme",82,7981
2018,10,"Sant Martí",70,"el Besòs i el Maresme",83,7425
2018,10,"Sant Martí",70,"el Besòs i el Maresme",84,9777
2018,10,"Sant Martí",70,"el Besòs i el Maresme",85,8977
2018,10,"Sant Martí",70,"el Besòs i el Maresme",86,10414
2018,10,"Sant Martí",70,"el Besòs i el Maresme",87,10651
2018,10,"Sant Martí",70,"el Besòs i el Maresme",88,14796
2018,10,"Sant Martí",70,"el Besòs i el Maresme",89,10606
2018,10,"Sant Martí",70,"el Besòs i el Maresme",90,12183
2018,10,"Sant Martí",70,"el Besòs i el Maresme",91,13666
2018,10,"Sant Martí",70,"el Besòs i el Maresme",92,17122
2018,10,"Sant Martí",70,"el Besòs i el Maresme",93,17883
2018,10,"Sant Martí",71,"Provençals del Poblenou",94,21140
2018,10,"Sant Martí",71,"Provençals del Poblenou",95,15306
2018,10,"Sant Martí",71,"Provençals del Poblenou",96,21275
2018,10,"Sant Martí",71,"Provençals del Poblenou",97,21400
2018,10,"Sant Martí",71,"Provençals del Poblenou",98,18636
2018,10,"Sant Martí",71,"Provençals del Poblenou",99,13365
2018,10,"Sant Martí",71,"Provençals del Poblenou",100,15471
2018,10,"Sant Martí",71,"Provençals del Poblenou",101,16284
2018,10,"Sant Martí",71,"Provençals del Poblenou",102,14556
2018,10,"Sant Martí",71,"Provençals del Poblenou",103,16892
2018,10,"Sant Martí",71,"Provençals del Poblenou",104,19699
2018,10,"Sant Martí",72,"Sant Martí de Provençals",105,17032
2018,10,"Sant Martí",72,"Sant Martí de Provençals",106,17124
2018,10,"Sant Martí",72,"Sant Martí de Provençals",107,21649
2018,10,"Sant Martí",72,"Sant Martí de Provençals",108,15991
2018,10,"Sant Martí",72,"Sant Martí de Provençals",109,15322
2018,10,"Sant Martí",72,"Sant Martí de Provençals",110,15112
2018,10,"Sant Martí",72,"Sant Martí de Provençals",111,16510
2018,10,"Sant Martí",72,"Sant Martí de Provençals",112,21314
2018,10,"Sant Martí",72,"Sant Martí de Provençals",113,15607
2018,10,"Sant Martí",72,"Sant Martí de Provençals",114,13738
2018,10,"Sant Martí",72,"Sant Martí de Provençals",115,15082
2018,10,"Sant Martí",72,"Sant Martí de Provençals",116,13776
2018,10,"Sant Martí",72,"Sant Martí de Provençals",117,15505
2018,10,"Sant Martí",72,"Sant Martí de Provençals",118,20195
2018,10,"Sant Martí",72,"Sant Martí de Provençals",119,14511
2018,10,"Sant Martí",72,"Sant Martí de Provençals",120,15391
2018,10,"Sant Martí",72,"Sant Martí de Provençals",121,14746
2018,10,"Sant Martí",72,"Sant Martí de Provençals",122,19396
2018,10,"Sant Martí",73,"la Verneda i la Pau",123,16154
2018,10,"Sant Martí",73,"la Verneda i la Pau",124,16309
2018,10,"Sant Martí",73,"la Verneda i la Pau",125,14963
2018,10,"Sant Martí",73,"la Verneda i la Pau",126,16725
2018,10,"Sant Martí",73,"la Verneda i la Pau",127,17054
2018,10,"Sant Martí",73,"la Verneda i la Pau",128,17921
2018,10,"Sant Martí",73,"la Verneda i la Pau",129,17669
2018,10,"Sant Martí",73,"la Verneda i la Pau",130,16431
2018,10,"Sant Martí",73,"la Verneda i la Pau",131,19263
2018,10,"Sant Martí",73,"la Verneda i la Pau",132,14944
2018,10,"Sant Martí",73,"la Verneda i la Pau",133,14237
2018,10,"Sant Martí",73,"la Verneda i la Pau",134,14324
2018,10,"Sant Martí",73,"la Verneda i la Pau",135,14294
2018,10,"Sant Martí",73,"la Verneda i la Pau",136,14882
2018,10,"Sant Martí",73,"la Verneda i la Pau",137,12734
2018,10,"Sant Martí",73,"la Verneda i la Pau",138,11685
2018,10,"Sant Martí",73,"la Verneda i la Pau",139,12714
2018,10,"Sant Martí",73,"la Verneda i la Pau",140,12323
2018,10,"Sant Martí",73,"la Verneda i la Pau",141,13465
2018,10,"Sant Martí",73,"la Verneda i la Pau",142,11415
2018,10,"Sant Martí",73,"la Verneda i la Pau",143,13247
2018,10,"Sant Martí",65,"el Clot",234,17690
2018,10,"Sant Martí",69,"Diagonal Mar i el Front Marítim del Poblenou",235,14873
2018,10,"Sant Martí",69,"Diagonal Mar i el Front Marítim del Poblenou",236,16173
2018,10,"Sant Martí",71,"Provençals del Poblenou",237,14209
